Variation,age_group,completion_rate
control,Under 30,0.6737516005121639
control,30–44,0.6717315606204495
control,45–59,0.668006096716087
control,60+,0.598156367360874
test,Under 30,0.7419921017990346
test,30–44,0.7001345895020188
test,45–59,0.6856898448001956
test,60+,0.6424468250271697
